time,error
14:35:07,1635.4931777823124
14:35:08,779.7619791960879
14:35:09,755.3219745999135
14:35:10,634.1288269082095
14:35:11,933.1620047777245
14:35:12,1014.9613921655961
14:35:13,1194.047664421012
14:35:14,1263.8128968503636
14:35:15,1322.9044261128788
14:35:16,1149.2106407543458
14:35:17,1131.3914474149278
14:35:18,783.9835732074492
14:35:19,712.2273024850602
14:35:20,687.1803550199412
14:35:21,531.7590455737869
14:35:22,782.396969922007
14:35:23,1047.0166887830344
14:35:24,673.6569554490029
14:35:25,788.3897776608667
14:35:26,1113.3061577839096
14:35:27,829.6828805090653
14:35:28,773.37241553469
14:35:29,750.1037800239595
14:35:30,775.6651783810092
14:35:31,874.9868117602789
14:35:32,835.818156728225
14:35:33,872.6498008850722
14:35:34,696.3921617362046
14:35:35,956.5625946369906
14:35:36,651.9476896643504
14:35:37,747.7485683859794
14:35:38,935.4442563391457
14:35:39,785.4184838434871
14:35:40,752.2797262120838
14:35:41,996.0497226970205
14:35:42,731.1904461356366
14:35:43,820.6881747240038
14:35:44,1037.4599603165018
14:35:45,749.8772291613593
14:35:46,802.8424633465222
14:35:47,711.2722561063672
14:35:48,809.2015685058648
14:35:49,730.0504069860818
14:35:50,671.3483265435798
14:35:51,784.3957125170388
14:35:52,865.6508892842544
14:35:53,1041.8614207428516
14:35:54,850.9719856921242
14:35:55,705.6227460395936
14:35:56,1056.3295788716266
14:35:57,833.5274256073772
14:35:58,885.8895483658649
14:35:59,930.855689174435
14:36:00,629.18967609945
14:36:01,661.2217652444455
14:36:02,756.3447792129527
14:36:03,684.080307013764
14:36:04,546.8293790219948
14:36:05,662.5587974698709
14:36:06,669.1531509097465
14:36:07,752.3083711587522
14:36:08,792.9903961842908
14:36:09,750.1007899654244
14:36:10,614.0647252882201
14:36:11,703.6663501129145
14:36:12,574.9928005315945
14:36:13,786.1448946897774
14:36:14,954.3715178248173
14:36:15,666.4947626203117
14:36:16,790.0360337321995
14:36:17,851.8754036278755
14:36:18,966.9649305667704
14:36:19,777.9807192657997
14:36:20,767.9219765765397
14:36:21,682.1294158919565
14:36:22,632.8801364911335
14:36:23,873.9383371048958
14:36:24,671.4046047265219
14:36:25,822.2089289965638
14:36:26,648.1007916958519
14:36:27,724.2860706440246
14:36:28,551.0980416861212
14:36:29,812.6521850432779
14:36:30,778.6973376863698
14:36:31,949.7926566055498
14:36:32,1219.7082836338875
14:36:33,725.3028189491786
14:36:34,724.0218243821768
14:36:35,1045.0087283616374
14:36:36,704.9010480706962
14:36:37,644.7978890697502
14:36:38,663.6324081718112
14:36:39,607.6167087144304
14:36:40,641.7818291940107
14:36:41,1051.7561091687342
14:36:42,750.2842208443066
14:36:43,537.6967066929699
14:36:44,668.6211670440622
14:36:45,996.3896502321031
14:36:46,575.4898269435225
14:36:47,941.9511948677632
14:36:48,915.1294040421195
14:36:49,698.3824173469737
14:36:50,914.3155454471273
14:36:51,824.3593052005837
14:36:52,704.6176284553411
14:36:53,885.9698036442609
14:36:54,855.8189528825434
14:36:55,894.4656865014289
14:36:56,889.7998002006799
14:36:57,730.4593808889215
14:36:58,553.8881623665811
14:36:59,722.4918380634515
14:37:00,702.4667880882976
14:37:01,697.6540152082487
14:37:02,761.9671838438644
14:37:03,635.2735800848671
14:37:04,640.0826301498853
14:37:05,957.1191274568837
14:37:06,877.4199276590091
14:37:07,603.9560803964663
14:37:08,736.0957128327315
14:37:09,674.3448852239576
14:37:10,674.5418321813879
14:37:11,873.3946986657473
14:37:12,608.3505746055464
14:37:13,775.525480825247
14:37:14,540.8841768460377
14:37:15,711.7471045585761
14:37:16,675.1342017254923
14:37:17,864.084524532852
14:37:18,820.8771372604231
14:37:19,844.9603102059028
14:37:20,895.8852141049077
14:37:21,685.165955813212
14:37:22,493.0061068618538
14:37:23,798.201337980163
14:37:24,724.1233439352039
14:37:25,673.8899968028003
14:37:26,642.2560686160311
14:37:27,822.5249428632602
14:37:28,759.5413056857926
14:37:29,1174.5640430564263
14:37:30,784.8738653821615
14:37:31,748.2363884954815
14:37:32,846.2009948161566
14:37:33,925.5879833335364
14:37:34,760.6440755514401
14:37:35,962.3889936100567
14:37:36,700.4037776708384
14:37:37,638.1022411493805
14:37:38,1002.34192256332
14:37:39,769.2377966322598
14:37:40,834.273509208681
14:37:41,961.3891464803417
14:37:42,901.6810464400709
14:37:43,724.0625073035401
14:37:44,710.8464597330044
14:37:45,571.2982770361368
14:37:46,653.3087780860487
14:37:47,867.8246298458945
14:37:48,823.6283240177802
14:37:49,861.5036291084745
14:37:50,903.2884832108499
14:37:51,660.6896889441374
14:37:52,775.7525042270775
14:37:53,702.185632885846
14:37:54,738.6214185860216
14:37:55,595.9671723044463
14:37:56,852.8454224293024
14:37:57,752.4138999537039
14:37:58,757.5877814262843
14:37:59,992.6962707759495
14:38:00,839.4098611726978
14:38:01,573.1249046165461
14:38:02,622.2035660727242
14:38:03,836.6351009323547
14:38:04,850.8809268592331
14:38:05,876.3299963337666
14:38:06,638.9636295516061
14:38:07,694.6642833215126
14:38:08,822.6718773462569
14:38:09,733.9527441843715
14:38:10,655.3652216177057
14:38:11,807.33818056704
14:38:12,907.4034102255733
14:38:13,668.6272563536694
14:38:14,847.7322481335012
14:38:15,816.8069460283466
14:38:16,849.4971890858808
14:38:17,776.8690283060112
14:38:18,893.8264036368817
14:38:19,740.5802663529817
14:38:20,873.654861212303
14:38:21,773.3693931271245
14:38:22,860.3796826511378
14:38:23,821.2752824698812
14:38:24,657.1957769224977
14:38:25,606.2705823944619
14:38:26,1073.2067189613902
14:38:27,819.5955376962971
14:38:28,768.7872273075293
14:38:29,1013.295643832524
14:38:30,999.8137755742234
14:38:31,818.8672336927862
14:38:32,1022.0376940952399
14:38:33,808.6475774556062
14:38:34,648.8553880897391
14:38:35,894.8066916741287
14:38:36,1098.8683467780334
14:38:37,755.1668313339209
14:38:38,812.9403575007923
14:38:39,855.645208541858
14:38:40,1075.4993626350474
14:38:41,769.9643802561193
14:38:42,866.1285198989037
14:38:43,627.5349595012326
14:38:44,852.1735528325497
14:38:45,669.6935791066089
14:38:46,573.3799174525899
14:38:47,1127.6960324719348
14:38:48,1165.885595344038
14:38:49,826.4450786999605
14:38:50,776.5958154562079
14:38:51,826.8644274473518
14:38:52,613.6063594799386
14:38:53,786.5928650456673
14:38:54,894.1399362087058
14:38:55,508.23771721064276
14:38:56,639.8400961566208
14:38:57,821.7909842533463
14:38:58,761.3535902184276
14:38:59,715.4787830055229
14:39:00,665.7438080119888
14:39:01,627.7628024902078
14:39:02,805.8766597083988
14:39:03,826.220429970419
14:39:04,788.696215914772
14:39:05,816.160998535777
14:39:06,817.9948553615308
14:39:07,772.4275579766228
14:39:08,875.3886538306889
14:39:09,586.4631520798218
14:39:10,615.9054573281005
14:39:11,693.3200964558093
14:39:12,917.7733640904338
14:39:13,723.1587738717152
14:39:14,941.8735261599354
14:39:15,969.7015742081769
14:39:16,716.4776145303996
14:39:17,929.5695694000196
14:39:18,874.4523479725759
14:39:19,659.0471432605515
14:39:20,860.7519384985151
14:39:21,903.5142343331798
14:39:22,752.093774329094
14:39:23,736.887591114077
14:39:24,826.5857178938344
14:39:25,730.9525759173565
14:39:26,725.1035609270906
14:39:27,934.7570898186626
14:39:28,881.0528425845727
14:39:29,881.9704489805116
14:39:30,1309.5043889364406
14:39:31,880.6310696192864
14:39:32,708.5188755188237
14:39:33,1110.006683147457
14:39:34,1073.107726806565
14:39:35,723.0017077040246
14:39:36,714.6758751479202
14:39:37,675.9401835324257
14:39:38,690.236279622234
14:39:39,916.2368907604424
14:39:40,935.5862885360092
14:39:41,761.711419797594
14:39:42,825.3534310278304
14:39:43,925.3796459804066
14:39:44,819.4735181894891
14:39:45,1022.8513936195047
14:39:46,907.5255047412784
14:39:47,801.2735693557811
14:39:48,724.4080439782857
14:39:49,728.5924671425232
14:39:50,681.1680992745078
14:39:51,1004.5639573791418
14:39:52,1022.546930154302
14:39:53,736.9894357961624
14:39:54,898.3226013647829
14:39:55,723.1529442678841
14:39:56,677.370550847106
14:39:57,690.2475699866271
14:39:58,864.5907345162475
14:39:59,981.8362635919743
14:40:00,631.790012203951
14:40:01,763.6334468079923
14:40:02,879.0933009430389
14:40:03,938.0646994263353
14:40:04,786.5015811187327
14:40:05,494.6461161395439
14:40:06,723.7421040579471
14:40:07,717.5889551223826
14:40:08,682.2154967619933
14:40:09,818.8347911594067
14:40:10,850.5581361470468
14:40:11,696.0433797512896
14:40:12,623.2551028197232
14:40:13,835.0167134442038
14:40:14,676.7644534893343
14:40:15,769.1205471344947
14:40:16,862.746444702473
14:40:17,920.4260237323562
14:40:18,745.5563298751277
14:40:19,923.529706494394
14:40:20,793.8658992997574
14:40:21,723.1259223160979
14:40:22,624.5608057055322
14:40:23,542.983184958361
14:40:24,696.4036458406796
14:40:25,860.7719530641976
14:40:26,740.1796305899041
14:40:27,638.2127984068383
14:40:28,806.4359838181707
14:40:29,825.1174920816995
14:40:30,1094.6555929831895
14:40:31,914.589248443889
14:40:32,738.3045632681151
14:40:33,895.1722552262784
14:40:34,878.15464934903
14:40:35,768.0273265087006
14:40:36,700.5407956263589
14:40:37,863.182293213541
14:40:38,835.0528596509326
14:40:39,869.0680207906257
14:40:40,671.8008241923276
14:40:41,685.9598077828522
14:40:42,728.5238090435171
14:40:43,566.1645188856792
14:40:44,577.6631657265103
14:40:45,671.8576925479445
14:40:46,803.7512133547172
14:40:47,791.2070144095527
14:40:48,918.3744097417576
14:40:49,792.2339938577197
14:40:50,829.4382519474268
14:40:51,711.3514759486723
14:40:52,852.0448966918931
14:40:53,636.6601226599837
14:40:54,748.583229696511
14:40:55,671.0739596206837
14:40:56,652.6072781508547
14:40:57,822.7614615487365
14:40:58,837.6837183356895
14:40:59,581.7284995074134
14:41:00,750.6268967428254
14:41:01,783.4188981762013
14:41:02,706.8586163239489
14:41:03,948.5862394550497
14:41:04,679.8576055943379
14:41:05,693.9983252453453
14:41:06,943.8148663893065
14:41:07,862.1129351889088
14:41:08,856.9431957548636
14:41:09,902.919795212758
14:41:10,680.1562693348038
14:41:12,649.367195099494
14:41:13,825.5451390266668
14:41:14,687.1668590922042
14:41:15,839.5971575191569
14:41:16,900.1144211079338
14:41:17,723.0541879518613
14:41:18,886.1578810723666
14:41:19,700.1450331860011
14:41:20,766.1495607265218
14:41:21,649.5937905023613
14:41:22,844.5610389130902
14:41:23,939.551775269992
14:41:24,890.2251761258611
14:41:25,760.3230532968362
14:41:26,890.2238766393991
14:41:27,719.3517669675875
14:41:28,753.8572414834231
14:41:29,831.3159333822251
14:41:30,729.9020138904793
14:41:31,915.2577599129448
14:41:32,752.9067042161242
14:41:33,563.6402283518627
14:41:34,748.273179397719
14:41:35,618.03444357804
14:41:36,655.1084675474858
14:41:37,809.5801281922435
14:41:38,767.1894787194349
14:41:39,921.3917861611249
14:41:40,768.2532827801359
14:41:41,742.1931841704104
14:41:42,560.4301516741302
14:41:43,793.2104330797983
14:41:44,768.6409416002781
14:41:45,757.8529047777726
14:41:46,766.5909478516911
14:41:47,931.129181150695
14:41:48,658.2321312835433
14:41:49,605.0427923371625
14:41:50,637.1864412301361
14:41:51,735.5840871596259
14:41:52,619.3485906975674
14:41:53,828.285589761635
14:41:54,741.4561749709441
14:41:55,824.5032718808249
14:41:56,795.0216525276718
14:41:57,719.5286348760662
14:41:58,780.2349975491327
14:41:59,684.9401654472429
14:42:00,592.3944088880573
14:42:01,693.3352413010006
14:42:02,872.7750227757731
14:42:03,736.5759373756889
14:42:04,820.652529982042
14:42:05,649.3280572200816
14:42:06,770.5448530564947
14:42:07,992.3648288008047
14:42:08,741.6456823812408
14:42:09,553.8662788435543
14:42:10,853.2144554383847
14:42:11,781.6796957131177
14:42:12,764.6081448490902
14:42:13,1162.000765862047
14:42:14,802.8335936337586
14:42:15,648.363364063644
14:42:16,1059.508554051199
14:42:17,811.1939093409242
14:42:18,769.3118892550893
14:42:19,995.0232802977749
14:42:20,842.2635795281151
14:42:21,919.4768755203404
14:42:22,1000.4725089540082
14:42:23,896.2556666596091
14:42:24,787.443478620753
14:42:25,982.9271406351279
14:42:26,1069.5724510137388
14:42:27,676.2614401257329
14:42:28,1001.9647280388642
14:42:29,817.2546500832002
14:42:30,842.3508603526254
14:42:31,840.3746381247195
14:42:32,941.7768951963067
14:42:33,917.0294243399644
14:42:34,956.1901549836625
14:42:35,771.7858061473814
14:42:36,768.5220784245689
14:42:37,1199.6906826444772
14:42:38,859.983511993049
14:42:39,655.0601695379029
14:42:40,871.9369515098697
14:42:41,780.6644374825232
14:42:42,722.5259337711032
14:42:43,995.4411656187999
14:42:44,886.4773351203521
14:42:45,781.7742458908064
14:42:46,867.2751700210689
14:42:47,819.478748233947
14:42:48,619.8904837325754
14:42:49,774.8846532138818
14:42:50,621.2129277791769
14:42:51,764.3243691405889
14:42:52,958.3550914815032
14:42:53,826.2589752259263
14:42:54,776.8167297666139
14:42:55,985.3184208808991
14:42:56,917.4389301466484
14:42:57,664.9776421703398
14:42:58,844.268974652923
14:42:59,675.0310969618962
14:43:00,591.883301685761
14:43:01,905.8607681974459
14:43:02,852.8971096717928
14:43:03,701.0254684927777
14:43:04,905.4984720076467
14:43:05,938.9153098431718
14:43:06,643.9539688663551
14:43:07,854.3110055101197
14:43:08,837.3562528465063
14:43:09,724.6218357230182
14:43:10,640.613833126851
14:43:11,636.1534212204897
14:43:12,447.93570874826946
14:43:13,834.189839878752
14:43:14,982.2641856744317
14:43:15,491.07456202605647
14:43:16,809.4050909824023
14:43:17,792.3625576785482
14:43:18,571.3186747941912
14:43:19,884.5404203783329
14:43:20,796.7328730713165
14:43:21,716.0733440106485
14:43:22,815.5481965327558
14:43:23,840.2106965498693
14:43:24,655.6850864236901
14:43:25,834.4079816324179
14:43:26,705.8295485454297
14:43:27,762.5994957492658
14:43:28,780.4827864318407
14:43:29,818.2218446648445
14:43:30,751.573139554604
14:43:31,791.8016442746907
14:43:32,744.5120058848933
14:43:33,662.3596111655346
14:43:34,733.1865181397783
14:43:35,914.8881038654208
14:43:36,762.6708709357931
14:43:37,674.7441263291489
14:43:38,925.008068066353
14:43:39,860.2594904474448
14:43:40,834.2794126630673
14:43:41,1002.9034942944412
14:43:42,898.0652325238356
14:43:43,850.0989860367894
14:43:44,892.8358206648649
14:43:45,694.9716871495546
14:43:46,684.4875011589216
14:43:47,897.1776782673453
14:43:48,931.4007707395757
14:43:49,741.8566417120267
14:43:50,976.9756474407633
14:43:51,948.1422107517119
14:43:52,819.0332429600818
14:43:53,1088.730172879526
14:43:54,727.7712302350182
14:43:55,682.0354927007963
14:43:56,991.1942796678385
14:43:57,826.1636119737475
14:43:58,1006.7113755570257
14:43:59,869.4909417088322
14:44:00,705.1459650037299
14:44:01,624.5744259959728
14:44:02,780.1412248408491
14:44:03,772.5390075388473
14:44:04,900.8610805912099
14:44:05,770.8518642578446
14:44:06,692.8779626880959
14:44:07,833.8445870058164
14:44:08,702.6040734110909
14:44:09,624.2245939092696
14:44:10,926.4185540702681
14:44:11,934.8481690380612
14:44:12,759.9550954639942
14:44:13,815.7496729811604
14:44:14,987.2926804395225
14:44:15,862.7599763356909
14:44:16,918.2892727478422
14:44:17,800.5614757295408
14:44:18,846.2597593966341
14:44:19,946.9432982626456
14:44:20,799.9622560387013
14:44:21,628.5509696900817
14:44:22,709.6877392462535
14:44:23,1038.5237687325675
14:44:24,729.1112691868254
14:44:25,619.1298627405735
14:44:26,825.2913040046504
14:44:27,758.3329263005194
14:44:28,685.7604947447703
14:44:29,795.4462444822716
14:44:30,749.7033608111409
14:44:31,782.9769052346126
14:44:32,916.4401861696233
14:44:33,770.2813817049647
14:44:34,730.6562078617274
14:44:35,834.5297509363522
14:44:36,698.2595634365542
14:44:37,641.7902661869074
14:44:38,898.8067886236362
14:44:39,716.3285219204834
14:44:40,641.9052489648391
14:44:41,924.366813930319
14:44:42,653.6958022547617
14:44:43,582.4579891032772
14:44:44,693.7925858404182
14:44:45,808.6913363385879
14:44:46,479.0000085091117
14:44:47,818.5678090595411
14:44:48,728.5020974398255
14:44:49,613.9015963630496
14:44:50,721.1293406891116
14:44:51,702.8253481004547
14:44:52,708.3867893034685
14:44:53,828.6281770223626
14:44:54,575.7617301605397
14:44:55,784.3008150421504
14:44:56,831.8917256447305
14:44:57,710.3115526758655
14:44:58,705.9422037387127
14:44:59,954.0989137935832
14:45:00,673.3038152728636
14:45:01,699.2083132417335
14:45:02,1015.4384542106804
14:45:03,675.498590226417
14:45:04,1012.953049190113
14:45:05,902.4543145067263
14:45:06,722.1391068759232
14:45:07,664.6011020435843
14:45:08,640.507793656958
14:45:09,752.0660475870219
14:45:10,695.4061948244786
14:45:11,808.2775135366908
14:45:12,646.5856938891311
14:45:13,726.215834450342
14:45:14,850.3261538363091
14:45:15,658.6773254753691
14:45:16,541.9541881530943
14:45:17,719.1717660567914
14:45:18,693.8938503544873
14:45:19,662.3440259145216
14:45:20,715.944363244375
14:45:21,579.7364210760105
14:45:22,482.15370993233824
14:45:23,823.1322295326853
14:45:24,812.223480881859
14:45:25,508.34174829125374
14:45:26,711.8217573900457
14:45:27,774.3423827253506
14:45:28,540.5279170897925
14:45:29,690.3191163594597
14:45:30,764.492217933142
14:45:31,542.3202550355111
14:45:32,811.5302513286528
14:45:33,517.2354988335004
14:45:34,596.4165848369603
14:45:35,883.8900172239298
14:45:36,783.6116596584951
14:45:37,534.8430276016862
14:45:38,537.0657319880096
14:45:39,813.7158721691603
14:45:40,689.2529446269845
14:45:41,611.7108901661666
14:45:42,598.8207089423621
14:45:43,594.8979873656428
14:45:44,766.0926432029796
14:45:45,853.0790641912142
14:45:46,617.9985960636634
14:45:47,510.55103504846664
14:45:48,683.1187431674507
14:45:49,751.4902328479845
14:45:50,862.4226842464473
14:45:51,847.4066628521881
14:45:52,564.7687904801624
14:45:53,710.1662538670643
14:45:54,809.1264329801559
14:45:55,723.9114095875431
14:45:56,792.237283084937
14:45:57,718.8611764382104
14:45:58,537.6330389913649
14:45:59,688.8422962783718
14:46:00,716.1233705986131
14:46:01,488.1508851590621
14:46:02,715.6456112291786
14:46:03,647.6222860533368
14:46:04,573.0999340160971
14:46:05,647.3103037959712
14:46:06,905.2105776701162
14:46:07,517.8761239873572
14:46:08,797.412356697071
14:46:09,867.434224328165
14:46:10,698.4096478094697
14:46:11,746.8886426649572
14:46:12,812.8298370831138
14:46:13,767.3534162640112
14:46:14,805.6307985796224
14:46:15,940.7804340565789
14:46:16,633.7809434777048
14:46:17,684.2545671240288
14:46:18,897.1441317766202
14:46:19,693.9674097543428
14:46:20,700.3910518737463
14:46:21,884.5668530793797
14:46:22,847.7450226479384
14:46:23,715.4876041351229
14:46:24,812.1442976659451
14:46:25,703.8211165440019
14:46:26,689.1024579968621
14:46:27,721.7831397335189
14:46:28,914.7165418395749
14:46:29,542.3189055828714
14:46:30,754.7155659529884
14:46:31,849.9450199446675
14:46:32,539.8586747107458
14:46:33,830.224070962181
14:46:34,698.3637363892356
14:46:35,721.8785959246399
14:46:36,940.8090556547708
14:46:37,758.0747518832925
14:46:38,752.6157714406258
14:46:39,953.6947177809786
14:46:40,691.361943821392
14:46:41,686.0787340827869
14:46:42,776.3265425885589
14:46:43,690.3874121874717
14:46:44,582.5526275807808
14:46:45,580.5265865590576
14:46:46,513.1836601923841
14:46:47,618.2639724774564
14:46:48,785.641951013814
14:46:49,624.804125980922
14:46:50,648.1660480024727
14:46:51,836.5056440277824
14:46:52,616.8363062243213
14:46:53,729.9543032217904
14:46:54,769.266789631971
14:46:55,640.5445924266497
14:46:56,744.369714019835
14:46:57,833.3243256376859
14:46:58,746.9715555452897
14:46:59,662.4331588137861
14:47:00,652.426292562654
14:47:01,796.0304962487846
14:47:02,581.9927077955382
14:47:03,639.1474715285098
14:47:04,748.4937808624977
14:47:05,664.8105366335468
14:47:06,813.73348713989
14:47:07,692.9515492546064
14:47:08,786.5516728033217
14:47:09,770.4101173882624
14:47:10,559.2635300373377
14:47:11,639.3187194486239
14:47:12,698.1310943089281
14:47:13,796.6394491726112
14:47:14,681.6362704510553
14:47:15,811.9243649660137
14:47:16,769.4645223978847
14:47:17,576.3637247503916
14:47:18,595.0117006246205
14:47:19,918.0188162679442
14:47:20,727.7503093636507
14:47:21,678.8162419095792
14:47:22,980.4814582988078
14:47:23,707.2523558850626
14:47:24,539.3960425582072
14:47:25,842.9653680027316
14:47:26,751.61557007601
14:47:27,555.610304493363
14:47:28,886.9443617409103
14:47:29,758.5577414321411
14:47:30,694.645505789071
14:47:31,827.1207325858385
14:47:32,811.2087152086319
14:47:33,902.5362274043966
14:47:34,891.2867418319229
14:47:35,943.8801272693817
14:47:36,747.8408192662512
14:47:37,861.4691002660704
14:47:38,680.809932439979
14:47:39,847.0462278516993
14:47:40,871.1428784206211
14:47:41,830.7996721699454
14:47:42,710.6822650812629
14:47:43,810.2187471351135
14:47:44,827.994199135356
14:47:45,780.7019936619893
14:47:46,746.5298051624496
14:47:47,657.0218972589716
14:47:48,696.9294332382344
14:47:49,962.945028999986
14:47:50,640.8774553055458
14:47:51,885.1571312734926
14:47:52,843.467338163445
14:47:53,875.0791606752186
14:47:54,847.8867354334294
14:47:55,821.5962067918647
14:47:56,1006.453852998796
14:47:57,706.75106346921
14:47:58,824.5951372686737
14:47:59,976.674506132978
14:48:00,818.5514819295164
14:48:01,782.7266651591606
14:48:02,829.8577132508622
14:48:03,734.8231701281632
14:48:04,681.580788192849
14:48:05,837.0171112675183
14:48:06,630.1076580970922
14:48:07,729.7420171903452
14:48:08,848.9802096533826
14:48:09,606.0206480776692
14:48:10,741.5348701751999
14:48:11,812.4465095968404
14:48:12,873.3938353534732
14:48:13,797.2053831467642
14:48:14,750.3299362139311
14:48:15,669.9242416945215
14:48:16,735.7935302044489
14:48:17,892.5544884169612
14:48:18,620.2310409959053
14:48:19,628.6935105777011
14:48:20,885.1121343268605
14:48:21,725.0952810916206
14:48:22,924.8963017599867
14:48:23,935.8532744259445
14:48:24,762.6453727847654
14:48:25,915.9423018693708
14:48:26,823.8537428672945
14:48:27,753.0203165738345
14:48:28,831.9514179698606
14:48:29,656.6186011013451
14:48:30,624.0547828737766
14:48:31,709.1014695768139
14:48:32,724.9210177372788
14:48:33,1053.4870940609217
14:48:34,956.4804695026714
14:48:35,904.5535235551941
14:48:36,831.0563162132862
14:48:37,794.3632464399357
14:48:38,919.1231694255282
14:48:39,847.902950243762
14:48:40,898.4459057564954
14:48:41,997.2377185371989
14:48:42,941.918991538962
14:48:43,1054.6834482548234
14:48:44,853.7132048615732
14:48:45,770.221946155171
14:48:46,789.9965531965829
14:48:47,769.0797962995799
14:48:48,738.2613882688202
14:48:49,964.9268233751129
14:48:50,809.7057708746422
14:48:51,673.1797527905627
14:48:52,814.9771467239826
14:48:53,926.8229604063928
14:48:54,614.062241867168
14:48:55,790.9053237929162
14:48:56,1200.4238920205873
14:48:57,952.9235958990464
14:48:58,1025.3221729414786
14:48:59,758.1829433629898
14:49:00,927.6747198383657
14:49:01,932.3780589249607
14:49:02,842.4634361883415
14:49:03,842.9740884505115
14:49:04,712.9936680696878
14:49:05,900.7321015170309
14:49:06,664.0331847661106
14:49:07,943.0167491506106
14:49:08,882.741375964314
14:49:09,751.8104411519706
14:49:10,1016.2864379582641
14:49:11,925.8780305516074
14:49:12,697.2501454503488
14:49:13,897.8224600383406
14:49:14,1005.3629632795657
14:49:15,778.9444638705869
14:49:16,1003.9951232278866
14:49:17,1059.6644504437688
14:49:18,905.4418324089926
14:49:19,1144.9546896536572
14:49:20,825.3719316912932
14:49:21,808.864630954585
14:49:22,998.5636037768177
14:49:23,1149.244239166955
14:49:24,743.872847573022
14:49:25,1019.5760468004679
14:49:26,1202.321247930702
14:49:27,731.3193211067546
14:49:28,954.6994122276951
14:49:29,906.5495744138412
14:49:30,690.5286340624544
14:49:31,948.746454836275
14:49:32,684.7692906022583
14:49:33,946.3899408204891
14:49:34,951.9025463527454
14:49:35,955.010948776264
14:49:36,809.4522984919444
14:49:37,732.2383297833281
14:49:38,733.6301971849919
14:49:39,688.5458743350987
14:49:40,948.2464248463493
14:49:41,923.5129010245977
14:49:42,657.7330903669473
14:49:43,579.0520615723847
14:49:44,720.7114135014622
14:49:45,671.6894750263644
14:49:46,692.3228396167734
14:49:47,596.1545026191259
14:49:48,579.1776780469294
14:49:49,747.245093683786
14:49:50,562.1015478849968
14:49:51,622.7416669678271
14:49:52,651.9551468118934
14:49:53,773.9496246453681
14:49:54,683.7779214301733
14:49:55,795.1697992298198
14:49:56,937.539371882223
14:49:57,697.7559654731356
14:49:58,749.9911586338088
14:49:59,877.4784719866094
14:50:00,747.476743717896
14:50:01,728.1843949862022
14:50:02,868.9670696115323
14:50:03,878.2074517710653
14:50:04,825.6610759734167
14:50:05,485.51000819308723
14:50:06,594.4974307033021
14:50:07,860.2982283895324
14:50:08,812.1554714013698
14:50:09,756.5607941001002
14:50:10,751.3754693967159
14:50:11,855.5345723049429
14:50:12,784.0097159420501
14:50:13,638.9663752518819
14:50:14,773.990364207489
14:50:15,797.2152142482126
14:50:16,770.8938175125058
14:50:17,652.7169582717357
14:50:18,742.6287258321805
14:50:19,730.8806382059654
14:50:20,685.7473247114604
14:50:21,761.2859182706486
14:50:22,748.1448279190982
14:50:23,731.4342629939378
14:50:24,657.8035023558882
14:50:25,694.3927485656617
14:50:26,870.6438322339953
14:50:27,764.8148477874272
14:50:28,796.0229355917636
14:50:29,792.1808971248801
14:50:30,783.1862993541782
14:50:31,722.8790992915267
14:50:32,728.1843106754815
14:50:33,668.0199639047162
14:50:34,652.4489112835172
14:50:35,710.7246601621554
14:50:36,830.7305535406231
14:50:37,798.8743634850051
14:50:38,903.7218973875425
14:50:39,755.4091630506723
14:50:40,909.5955872149423
14:50:41,935.0627265655124
14:50:42,756.6100267230242
14:50:43,601.822274209585
14:50:44,833.1136087382737
14:50:45,696.9531791099923
14:50:46,609.9592451954193
14:50:47,686.0805983848348
14:50:48,689.1266380498174
14:50:49,672.114106656082
14:50:50,871.3320683066552
14:50:51,691.9618646567775
14:50:52,861.7352012141829
14:50:53,731.3598281530111
14:50:54,660.5730530676641
14:50:55,735.1654848114733
14:50:56,959.2701638713276
14:50:57,901.4027590990747
14:50:58,797.9987234601825
14:50:59,914.5258458897775
14:51:00,847.8424619335749
14:51:01,709.9324304838858
14:51:02,928.5900003472403
14:51:03,648.6290816124465
14:51:04,835.6841433590566
14:51:05,730.0643077234937
14:51:06,686.7078671269136
14:51:07,919.8133469605282
14:51:08,917.5225490924845
14:51:09,785.5724762774485
14:51:10,607.0810548226791
14:51:11,782.1702092817831
14:51:12,753.0693699844359
14:51:13,682.3190578253374
14:51:14,798.5306026869488
14:51:15,819.285085328655
14:51:16,696.7515350052334
14:51:17,981.0051343786396
14:51:18,728.1313331025221
14:51:19,587.8217877836303
14:51:20,796.0431756483033
14:51:21,769.2585542255656
14:51:22,703.0388041184674
14:51:23,897.7102485344494
14:51:24,667.4911896677017
14:51:25,975.4096819041887
14:51:26,913.2904285207067
14:51:27,818.3732111507888
14:51:28,724.0749641449574
14:51:29,891.6281309349438
14:51:30,630.0107030670682
14:51:31,572.7331469270611
14:51:32,678.0510183987591
14:51:33,688.1172594397877
14:51:34,546.7236626149629
14:51:35,759.4711541151503
14:51:36,863.7824748004095
14:51:37,726.5906083594203
14:51:38,943.1416832656388
14:51:39,838.2302494804024
14:51:40,713.7199358735751
14:51:41,932.2962780717619
14:51:42,735.3301826568818
14:51:43,608.1412166857187
14:51:44,742.0630590043255
14:51:45,689.4911182742757
14:51:46,607.682133990529
14:51:47,572.5197588086967
14:51:48,844.9024990038671
14:51:49,522.851636306031
14:51:50,704.0483582167337
14:51:51,800.3686123383216
14:51:52,546.0386455532328
14:51:53,838.4915345341644
14:51:54,809.9737870250746
14:51:55,659.7779178378835
14:51:56,912.4602071363925
14:51:57,879.0556763351071
14:51:58,842.4974352279072
14:51:59,728.7101190955441
14:52:00,889.9977645693872
14:52:01,749.3686587568129
14:52:02,889.3825784461496
14:52:03,761.2676374609629
14:52:04,730.9681274028801
14:52:05,691.7982688712895
14:52:06,658.5676279947018
14:52:07,696.0867573990641
14:52:08,849.54182421052
14:52:09,728.5581621343919
14:52:10,734.5790888970945
14:52:11,854.8918729968352
14:52:12,898.643396451475
14:52:13,962.6069317936021
14:52:14,926.4616777733561
14:52:15,640.6750374776258
14:52:16,917.4720262654811
14:52:17,824.7794257827532
14:52:18,741.2527824914803
14:52:19,616.6440722069525
14:52:20,725.1709497250444
14:52:21,678.416833997109
14:52:22,844.853533828586
14:52:23,832.0339580472147
14:52:24,798.5220004285737
14:52:25,891.9052882734328
14:52:26,913.9103389332834
14:52:27,825.7871162513937
14:52:28,800.1844484612506
14:52:29,1046.345127260703
14:52:30,924.2952482631238
14:52:31,690.1212518011856
14:52:32,853.743929531591
14:52:33,989.5188834026185
14:52:34,749.5089416188853
14:52:35,800.7737850731329
14:52:36,874.1740185093108
14:52:37,634.3030403348639
14:52:38,672.337846235388
14:52:39,657.6435918818419
14:52:40,543.1395253881004
14:52:41,893.3295162433893
14:52:42,608.8271773126011
14:52:43,651.7466010197741
14:52:44,764.5319704681145
14:52:45,787.4092992370186
14:52:46,553.6622933219377
14:52:47,891.1675221100479
14:52:48,1084.6823224413552
14:52:49,779.941699050906
14:52:50,639.1330942217747
14:52:51,783.290869830014
14:52:52,681.96005037071
14:52:53,661.3178236613895
14:52:54,800.0382407167324
14:52:55,733.243825378089
14:52:56,748.5894740998353
14:52:57,696.6619118067596
14:52:58,671.1260733948877
14:52:59,719.4417212613538
14:53:00,610.9754830405612
14:53:01,667.2322126165097
14:53:02,645.9126441173207
14:53:03,768.063877037879
14:53:04,528.3887972159889
14:53:05,622.9364635478753
14:53:06,702.5469922163725
14:53:07,708.555723423336
14:53:08,729.1343417327938
14:53:09,1027.863301165742
14:53:10,733.0529181609307
14:53:11,815.6085058534202
14:53:12,1048.1718839435775
14:53:13,895.7159867031861
14:53:14,876.0838456916023
14:53:15,734.5817497043894
14:53:16,732.5368891418365
14:53:17,577.5450047980761
14:53:18,660.4726039341033
14:53:19,688.8355864956095
14:53:20,694.7435845522676
14:53:21,666.8522891413845
14:53:22,749.2015751162893
14:53:23,813.6309398042392
14:53:24,1005.0342087328647
14:53:25,702.3049791063864
14:53:26,743.6228446166375
14:53:27,826.8188018652743
14:53:28,823.3212197040275
14:53:29,714.9240447060481
14:53:30,709.9791732774104
14:53:31,670.3605681977435
14:53:32,576.5572152317611
14:53:33,737.2242966218328
14:53:34,717.7356220417089
14:53:35,593.1183492085324
14:53:36,656.1210379733711
14:53:37,544.8117297940498
14:53:38,565.6794806758228
14:53:39,846.6724227626345
14:53:40,637.2860623763912
14:53:41,654.6110850131938
14:53:42,790.5438374881918
14:53:43,724.5733358604208
14:53:44,567.8833480560556
14:53:45,854.4321218332069
14:53:46,697.892493456772
14:53:47,660.9942747174201
14:53:48,798.8982427292638
14:53:49,767.0084241747768
14:53:50,589.5910951002022
14:53:51,1009.8607872331328
14:53:52,734.7098942492203
14:53:53,874.1618902033933
14:53:54,1030.4471209733672
14:53:55,701.0480761845537
14:53:56,796.352760238865
14:53:57,963.0235809844854
14:53:58,694.9284068745899
14:53:59,812.397936967311
14:54:00,751.3324301992016
14:54:01,895.1192761742071
14:54:02,572.0678989943787
14:54:03,794.6352829936113
14:54:04,1069.2749975644715
14:54:05,767.4944499363494
14:54:06,1068.2561569016545
14:54:07,698.8184749938646
14:54:08,775.8277853143323
14:54:09,1040.840504735454
14:54:10,715.8119906114733
14:54:11,777.5636431655574
14:54:12,848.3621404594902
14:54:13,658.6073387679803
14:54:14,741.8268861352935
14:54:15,936.7492191592794
14:54:16,918.4846563972048
14:54:17,607.342524168926
14:54:19,901.5140198100003
14:54:20,698.5791243271759
14:54:21,636.800492912269
14:54:22,1066.5540963064936
14:54:23,778.894651245339
14:54:24,585.5690368256137
14:54:25,738.5756342197117
14:54:26,708.6319753769229
14:54:27,623.3556324855409
14:54:28,919.4232388913996
14:54:29,1045.751633186363
14:54:30,623.3817222550035
14:54:31,905.4263418304225
14:54:32,953.8645561642953
14:54:33,921.5495408886236
14:54:34,1037.6012725277162
14:54:35,823.5654621997174
14:54:36,826.3153722784655
14:54:37,935.8989253475446
14:54:38,900.9899697141911
14:54:39,471.3992910015263
14:54:40,857.8644759960224
14:54:41,901.1509025302076
14:54:42,625.094964047686
14:54:43,776.8860862445127
14:54:44,888.291574290018
14:54:45,583.5383012022946
14:54:46,800.6883214347665
14:54:47,795.3153695951061
14:54:48,554.0422467318207
14:54:49,921.9788005815393
14:54:50,714.1111212925365
14:54:51,850.6745114592509
14:54:52,823.8476740170622
14:54:53,1018.8399952612544
14:54:54,747.4532702446502
14:54:55,923.4439543828403
14:54:56,833.0272355375232
14:54:57,513.7098671059139
14:54:58,788.434761756449
14:54:59,681.4653688290527
14:55:00,781.2830278600272
14:55:01,652.5633121291856
14:55:02,802.7774654187799
14:55:03,712.6539113665706
14:55:04,862.2209572929887
14:55:05,870.5817036429921
14:55:06,768.9051301346803
14:55:07,756.7392200387972
14:55:08,979.2547875938147
14:55:09,881.1417227627312
14:55:10,672.6301272520967
14:55:11,858.9535351222956
14:55:12,879.5413516158602
14:55:13,792.8559298688133
14:55:14,733.5044338220699
14:55:15,769.1066808547022
14:55:16,616.9598282098126
14:55:17,868.9187465851974
14:55:18,587.9573158603206
14:55:19,702.9282223802915
14:55:20,565.3723435802647
14:55:21,673.4715017079508
14:55:22,859.1564428909801
14:55:23,832.6954670406857
14:55:24,639.3266864840191
14:55:25,882.2089552881337
14:55:26,934.560366727777
14:55:27,599.1569250173264
14:55:28,833.9565856815306
14:55:29,636.073662936219
14:55:30,567.1591850529644
14:55:31,752.2105876515025
14:55:32,739.9110980651967
14:55:33,613.6575190352521
14:55:34,703.7581771734766
14:55:35,710.6143793921143
14:55:36,601.8056617399692
14:55:37,938.6693149522257
14:55:38,692.5383279291963
14:55:39,713.0250395991261
14:55:40,843.7164989482948
14:55:41,791.9021163899051
14:55:42,956.5837929309822
14:55:43,855.3478356093644
14:55:44,874.7150137355147
14:55:45,903.4433107097385
14:55:46,1145.1933961192346
14:55:47,1326.9750999775213
14:55:48,771.3712291619739
14:55:49,975.6833547417123
14:55:50,1319.4009006343883
14:55:51,1202.2767578926434
14:55:52,1353.9788763495924
14:55:53,896.9631577730939
14:55:54,858.2080699406653
14:55:55,1093.714007996828
14:55:56,1173.2703848974043
14:55:57,871.5335623293789
14:55:58,1230.0319252926668
14:55:59,960.0680797574353
14:56:00,835.2681304963593
14:56:01,979.3894030836045
14:56:02,1149.158719455605
14:56:03,1182.40872459245
14:56:04,1185.6392597953006
14:56:05,1028.7345644422574
14:56:06,657.8835112039922
14:56:07,983.6757531127523
14:56:08,1103.1122475594918
14:56:09,1038.126977949083
14:56:10,716.6317735117101
14:56:11,1129.89819045657
14:56:12,1044.5737126632928
14:56:13,500.6466491801741
14:56:14,942.8782878280437
14:56:15,1027.5540189175324
14:56:16,793.5942840759558
14:56:17,919.4449049238406
14:56:18,898.501141673208
14:56:19,618.9737436400874
14:56:20,956.0037310405302
14:56:21,888.4356780233863
14:56:22,849.5620511309535
14:56:23,872.8223119229771
14:56:24,663.9998902697702
14:56:25,688.9591431039017
14:56:26,829.2011622251473
14:56:27,699.9612562524691
14:56:28,710.8936828730598
14:56:29,926.7149893176747
14:56:30,731.0222480354018
14:56:31,675.770370368167
14:56:32,1016.1769316335622
14:56:33,695.126604978021
14:56:34,820.2548479437176
14:56:35,1091.8919327313838
14:56:36,798.8143575958172
14:56:37,713.8785470723656
14:56:38,749.5282508325108
14:56:39,685.4825557384936
14:56:40,798.3382422064537
14:56:41,816.5000288807096
14:56:42,946.1547826122579
14:56:43,899.1961625054544
14:56:44,790.4143261868231
14:56:45,822.4552737147463
14:56:46,661.3715079414943
14:56:47,1006.4941294435321
14:56:48,950.6701334659297
14:56:49,781.9408919080208
14:56:50,841.6067539233442
14:56:51,693.8092631732567
14:56:52,839.1520848783125
14:56:53,1034.0384272625888
14:56:54,1064.0274278552306
14:56:55,915.7007104771666
14:56:56,1052.6339858838066
14:56:57,890.71021816934
14:56:58,645.714620809545
14:56:59,776.9665461881214
14:57:00,950.0562291340269
14:57:01,1047.4777404728143
14:57:02,1025.571124967934
14:57:03,990.2450958584932
14:57:04,785.6680907758807
14:57:05,1166.5885357727955
14:57:06,1062.865550489179
14:57:07,759.7493256142263
14:57:08,967.9359192535002
14:57:09,857.417125857026
14:57:10,516.7019021799357
14:57:11,774.8466600444883
14:57:12,773.5784319385051
14:57:13,852.9252785606543
14:57:14,804.1442531669244
14:57:15,903.031177024268
14:57:16,1175.0375561415185
14:57:17,883.04192979413
14:57:18,770.3114852394202
14:57:19,900.6889275033913
14:57:20,827.3297410285179
14:57:21,797.3106910194274
14:57:22,803.6593130002954
14:57:23,791.205860578469
14:57:24,862.3436261268835
14:57:25,814.697498175135
14:57:26,697.464825766456
14:57:27,908.0887902843833
14:57:28,769.0114672946522
14:57:29,724.6782357282115
14:57:30,815.081396796855
14:57:31,772.6053033292004
14:57:32,1008.7596164759325
14:57:33,1191.1346757435274
14:57:34,962.1918892522995
14:57:35,1080.1157427429957
14:57:36,915.3100781428412
14:57:37,1031.8391314854453
14:57:38,1031.7275672697451
14:57:39,1026.2188867730363
14:57:40,883.9876199739315
14:57:41,897.43790163786
14:57:42,969.0030041463035
14:57:43,779.9214258344713
14:57:44,769.0715419835026
14:57:45,906.5919559155058
14:57:46,947.710317360149
14:57:47,909.5822000291903
14:57:48,601.9873973005457
14:57:49,628.3654839001108
14:57:50,869.9004953668157
14:57:51,997.660677743184
14:57:52,963.4451588209693
14:57:53,818.3228381339087
14:57:54,886.352187427714
14:57:55,779.8832783475377
14:57:56,766.367973621733
14:57:57,708.7346888268582
14:57:58,586.8892373972717
14:57:59,590.6900081791783
14:58:00,1056.6307570085019
14:58:01,798.9243418740554
14:58:02,759.0835333081351
14:58:03,1015.7762399712057
14:58:04,850.4622262662175
14:58:05,1019.4308471440547
14:58:06,959.4150667005384
14:58:07,704.6591362930687
14:58:08,662.1363597021324
14:58:09,976.17406015626
14:58:10,861.8795720123697
14:58:11,796.21420210052
14:58:12,937.6812364352409
14:58:13,971.7542491505678
14:58:14,775.3425899380279
14:58:15,951.2768585165036
14:58:16,803.373436363664
14:58:17,1179.1245212467627
14:58:18,1005.1842352547548
14:58:19,988.1074108435738
14:58:20,717.6113399542238
14:58:21,802.6152839960338
14:58:22,724.6009598583485
14:58:23,579.4159533047709
14:58:24,766.9207718158455
14:58:25,672.2217167957375
14:58:26,729.6598665726887
14:58:27,703.0220871834113
14:58:28,827.968638502336
14:58:29,693.953755771077
14:58:30,821.8325563169753
14:58:31,760.370745312996
14:58:32,316.7740313967884
14:58:33,805.8320441070564
14:58:34,530.9128367642285
14:58:35,768.3125717409322
14:58:36,1037.958014628329
14:58:37,889.2992124716055
14:58:38,912.8188134069201
14:58:39,879.5503905688648
14:58:40,785.7530980219952
14:58:41,798.8191519052081
14:58:42,664.7366764366785
14:58:43,859.1226223741626
14:58:44,633.2993930499837
14:58:45,1056.5629397065316
14:58:46,614.7862788963353
14:58:47,866.4371779731468
14:58:48,870.1705683360503
14:58:49,876.3460661559427
14:58:50,680.1236738292729
14:58:51,773.3762609529997
14:58:52,615.8708027374865
14:58:53,746.6063410707791
14:58:54,774.1454012450021
14:58:55,734.4705826048576
14:58:56,622.7195867912608
14:58:57,639.2806735090122
14:58:58,637.0657707178581
14:58:59,647.1776079344479
14:59:00,820.2058389715788
14:59:01,597.920365534205
14:59:02,862.9744145592169
14:59:03,786.1111817705776
14:59:04,817.4624980083721
14:59:05,622.860821747048
14:59:06,586.6072709028765
14:59:07,793.5133201834049
14:59:08,588.6577413964721
14:59:09,799.396709851708
14:59:10,657.2019125154715
14:59:11,713.2906530462311
14:59:12,772.1490501998127
14:59:13,790.4679315206588
14:59:14,672.6868279872365
14:59:15,733.7385021945549
14:59:16,589.0158482165866
14:59:17,652.66530081641
14:59:18,833.7206234195794
14:59:19,844.5132073859531
14:59:20,838.2713340946495
14:59:21,817.2372171139092
14:59:22,918.455180225219
14:59:23,849.9219248750867
14:59:24,815.128313307814
14:59:25,900.4130591158029
14:59:26,840.2511759539522
14:59:27,835.0420434604357
14:59:28,744.7635578139183
14:59:29,917.121900789528
14:59:30,951.8826444260337
14:59:31,867.3913421599177
14:59:32,865.2204843796632
14:59:33,783.850526673232
14:59:34,857.8272381394789
14:59:35,911.4050835366753
14:59:36,656.6150347957466
14:59:37,770.8981061000447
14:59:38,728.0565196958592
14:59:39,636.5358413293008
14:59:40,776.1143927548283
14:59:41,705.7702855231705
14:59:42,733.4280642759128
14:59:43,682.1652984445759
14:59:44,768.1681592707546
14:59:45,685.9892081416326
14:59:46,638.8667690401081
14:59:47,682.3299809372544
14:59:48,601.9693365913195
14:59:49,516.1203195429496
14:59:50,413.727957296862
14:59:51,568.5863714933032
14:59:52,754.7217543529725
14:59:53,758.6525930271853
14:59:54,619.9440978345397
14:59:55,853.25953348451
14:59:56,668.5217073823205
14:59:57,540.9542036995017
14:59:58,782.3695616649429
14:59:59,1069.2511504940746
15:00:00,895.7517616428773
15:00:01,831.1824134922929
15:00:02,758.1708772029325
15:00:03,679.258829584876
15:00:04,819.0093219361347
15:00:05,945.1080399034523
15:00:06,752.3603063549394
